year,month,date,pattern
2011,09,00,"[1, 1]"
2011,10,00,"[1, 1]"
2011,11,00,"[1, 1]"
2011,12,00,"[1, 1]"
2012,01,00,"[2, 1]"
2012,02,00,"[2, 1]"
2012,03,00,"[2, 1]"
2012,04,00,"[2, 1]"
2012,05,00,"[2, 1]"
2012,06,00,"[2, 1]"
2012,07,00,"[2, 1]"
2012,08,00,"[2, 1]"
2012,09,00,"[2, 1]"
2012,10,00,"[2, 1]"
2012,11,00,"[2, 1]"
2012,12,00,"[2, 3]"
2013,01,00,"[3, 3]"
2013,02,00,"[3, 3]"
2013,03,00,"[3, 3]"
2013,04,00,"[3, [4, 3]]"
2013,05,00,"[3, 3]"
2013,06,00,"[3, 3]"
2013,07,00,"[3, 3]"
2013,08,00,"[3, 3]"
2013,09,00,"[3, 1]"
2013,10,00,"[3, 1]"
2013,11,00,"[3, 1]"
2013,12,00,"[3, 1]"
2014,01,00,"[3, 0]"
2014,02,00,"[3, 3]"
2014,03,00,"[3, 3]"
2014,04,00,"[3, 3]"
2014,05,00,"[3, 3]"
2014,06,00,"[3, 3]"
2014,07,00,"[3, 3]"
2014,08,00,"[3, 3]"
2014,09,00,"[3, 3]"
2014,10,00,"[3, 1]"
2014,11,00,"[3, 1]"
2014,12,00,"[3, 1]"
2015,03,00,"[3, 1]"
2015,04,00,"[3, 1]"
2015,05,00,"[3, 1]"
2015,06,00,"[3, 1]"
2015,07,00,"[3, 3]"
2015,08,00,"[3, 3]"
2015,09,00,"[3, 1]"
2015,10,00,"[3, 1]"
2015,11,00,"[3, 1]"
2015,12,00,"[3, 1]"
2016,01,00,"[3, 1]"
2016,02,00,"[3, 1]"
2016,03,00,"[3, 1]"
2016,04,00,"[3, 1]"
2016,05,00,"[3, 1]"
2016,06,00,"[3, [1, 5]]"
2016,07,00,"[3, 1]"
2016,08,00,"[3, 3]"
2016,09,00,"[3, 3]"
2016,10,00,"[3, 3]"
2016,11,00,"[3, 3]"
2016,12,00,"[3, 3]"
2017,01,00,"[3, 3]"
2017,02,00,"[3, 1]"
2017,03,00,"[3, 1]"
2017,04,00,"[3, 1]"
2017,05,00,"[3, 1]"
2017,06,00,"[3, 1]"
2017,07,01,"[5, 1]"
2017,07,02,"[5, 1]"
2017,07,03,"[5, 1]"
2017,07,04,"[5, 1]"
2017,07,05,"[5, 1]"
2017,07,06,"[5, 1]"
2017,07,07,"[5, 1]"
2017,07,08,"[5, 1]"
2017,07,09,"[5, 1]"
2017,07,10,"[5, 1]"
2017,07,11,"[5, 1]"
2017,07,12,"[5, 1]"
2017,07,13,"[5, 1]"
2017,07,14,"[5, 1]"
2017,07,15,"[5, 1]"
2017,07,16,"[5, 1]"
2017,07,17,"[5, 1]"
2017,07,18,"[5, 1]"
2017,07,19,"[5, 1]"
2017,07,20,"[5, 1]"
2017,07,21,"[5, 1]"
2017,07,22,"[5, 1]"
2017,07,23,"[5, 1]"
2017,07,24,"[5, 1]"
2017,07,25,"[5, 0]"
2017,07,26,"[5, 1]"
2017,07,27,"[5, 1]"
2017,07,28,"[5, 1]"
2017,07,29,"[5, 1]"
2017,07,30,"[5, 1]"
2017,07,31,"[5, 1]"
2017,08,01,"[5, 1]"
2017,08,02,"[5, 0]"
2017,08,03,"[5, 1]"
2017,08,04,"[5, 1]"
2017,08,05,"[5, 1]"
2017,08,06,"[5, 1]"
2017,08,07,"[5, 1]"
2017,08,08,"[5, 1]"
2017,08,09,"[5, 1]"
2017,08,10,"[5, 1]"
2017,08,11,"[5, 1]"
2017,08,12,"[5, 1]"
2017,08,13,"[5, 1]"
2017,08,14,"[5, 1]"
2017,08,15,"[5, 1]"
2017,08,16,"[5, 1]"
2017,08,17,"[5, 1]"
2017,08,18,"[5, 1]"
2017,08,19,"[5, 1]"
2017,08,20,"[5, 1]"
2017,08,21,"[5, 1]"
2017,08,22,"[5, 1]"
2017,08,23,"[5, 1]"
2017,08,24,"[5, 1]"
2017,08,25,"[5, 1]"
2017,08,26,"[5, 1]"
2017,08,27,"[5, 1]"
2017,08,28,"[5, 1]"
2017,08,29,"[5, 1]"
2017,08,30,"[5, 1]"
2017,08,31,"[5, 1]"
2017,09,01,"[5, 1]"
2017,09,02,"[5, 1]"
2017,09,03,"[5, 1]"
2017,09,04,"[5, 1]"
2017,09,05,"[5, 1]"
2017,09,06,"[5, 1]"
2017,09,07,"[5, 1]"
2017,09,08,"[5, 1]"
2017,09,09,"[5, 1]"
2017,09,10,"[5, 1]"
2017,09,11,"[5, 1]"
2017,09,12,"[5, 1]"
2017,09,13,"[5, 1]"
2017,09,14,"[5, 1]"
2017,09,15,"[5, 1]"
2017,09,16,"[5, 1]"
2017,09,17,"[5, 1]"
2017,09,18,"[5, 1]"
2017,09,19,"[5, 1]"
2017,09,20,"[5, 1]"
2017,09,21,"[5, 1]"
2017,09,22,"[5, 1]"
2017,09,23,"[5, 1]"
2017,09,24,"[5, 1]"
2017,09,25,"[5, 1]"
2017,09,26,"[5, 1]"
2017,09,27,"[5, 1]"
2017,09,28,"[5, 1]"
2017,09,29,"[5, 1]"
2017,09,30,"[5, 1]"
2017,09,31,"[5, 0]"
2017,10,01,"[5, 1]"
2017,10,02,"[5, 1]"
2017,10,03,"[5, 1]"
2017,10,04,"[5, 1]"
2017,10,05,"[5, 1]"
2017,10,06,"[5, 1]"
2017,10,07,"[5, 1]"
2017,10,08,"[5, 1]"
2017,10,09,"[5, 1]"
2017,10,10,"[5, 1]"
2017,10,11,"[5, 1]"
2017,10,12,"[5, 1]"
2017,10,13,"[5, 1]"
2017,10,14,"[5, 1]"
2017,10,15,"[5, 1]"
2017,10,16,"[5, 1]"
2017,10,17,"[5, 1]"
2017,10,18,"[5, 1]"
2017,10,19,"[5, 1]"
2017,10,20,"[5, 1]"
2017,10,21,"[5, 1]"
2017,10,22,"[5, 1]"
2017,10,23,"[5, 1]"
2017,10,24,"[5, 1]"
2017,10,25,"[5, 1]"
2017,10,26,"[5, 1]"
2017,10,27,"[5, 1]"
2017,10,28,"[5, 1]"
2017,10,29,"[5, 1]"
2017,10,30,"[5, 1]"
2017,10,31,"[5, 1]"
2017,11,01,"[5, 1]"
2017,11,02,"[5, 1]"
2017,11,03,"[5, 1]"
2017,11,04,"[5, 1]"
2017,11,05,"[5, 1]"
2017,11,06,"[5, 1]"
2017,11,07,"[5, 1]"
2017,11,08,"[5, 1]"
2017,11,09,"[5, 1]"
2017,11,10,"[5, 1]"
2017,11,11,"[5, 1]"
2017,11,12,"[5, 1]"
2017,11,13,"[5, 1]"
2017,11,14,"[5, 1]"
2017,11,15,"[5, 1]"
2017,11,16,"[5, 1]"
2017,11,17,"[5, 1]"
2017,11,18,"[5, 1]"
2017,11,19,"[5, 0]"
2017,11,20,"[5, 0]"
2017,11,21,"[5, 0]"
2017,11,22,"[5, 0]"
2017,11,23,"[5, 0]"
2017,11,24,"[5, 0]"
2017,11,25,"[5, 1]"
2017,11,26,"[5, 1]"
2017,11,27,"[5, 1]"
2017,11,28,"[5, 1]"
2017,11,29,"[5, 1]"
2017,11,30,"[5, 1]"
2017,11,31,"[5, 0]"
2017,12,01,"[[5, '2017', '11'], 1]"
2017,12,02,"[[5, '2017', '11'], 1]"
2017,12,03,"[[5, '2017', '11'], 1]"
2017,12,04,"[[5, '2017', '11'], 1]"
2017,12,05,"[[5, '2017', '11'], 1]"
2017,12,06,"[[5, '2017', '11'], 1]"
2017,12,07,"[[5, '2017', '11'], 1]"
2017,12,08,"[[5, '2017', '11'], 1]"
2017,12,09,"[[5, '2017', '11'], 1]"
2017,12,10,"[[5, '2017', '11'], 1]"
2017,12,11,"[[5, '2017', '11'], 1]"
2017,12,12,"[[5, '2017', '11'], 1]"
2017,12,13,"[[5, '2017', '11'], 1]"
2017,12,14,"[[5, '2017', '11'], 1]"
2017,12,15,"[[5, '2017', '11'], 1]"
2017,12,16,"[[5, '2017', '11'], 1]"
2017,12,17,"[[5, '2017', '11'], 1]"
2017,12,18,"[[5, '2017', '11'], 1]"
2017,12,19,"[[5, '2017', '11'], 1]"
2017,12,20,"[[5, '2017', '11'], 1]"
2017,12,21,"[[5, '2017', '11'], 1]"
2017,12,22,"[[5, '2017', '11'], 1]"
2017,12,23,"[[5, '2017', '11'], 1]"
2017,12,24,"[[5, '2017', '11'], 1]"
2017,12,25,"[[5, '2017', '11'], 1]"
2017,12,26,"[[5, '2017', '11'], 1]"
2017,12,27,"[[5, '2017', '11'], 1]"
2017,12,28,"[[5, '2017', '11'], 1]"
2017,12,29,"[[5, '2017', '11'], 1]"
2017,12,30,"[[5, '2017', '11'], 1]"
2017,12,31,"[[5, '2017', '11'], 1]"
2018,01,00,"[3, 1]"
2018,02,00,"[3, 1]"
2018,03,00,"[3, 1]"
2018,04,00,"[3, 1]"
2018,04,24,"[6, 1]"
2018,04,25,"[6, 1]"
2018,05,02,"[6, 1]"
2018,05,03,"[6, 1]"
2018,05,04,"[6, 1]"
2018,05,05,"[6, 1]"
2018,05,06,"[6, 1]"
2018,05,07,"[6, 1]"
2018,05,08,"[6, 1]"
2018,06,06,"[6, 1]"
2018,06,07,"[6, 1]"
2018,06,08,"[6, 1]"
2018,06,09,"[6, 1]"
2018,06,10,"[6, 1]"
2018,06,11,"[6, 1]"
2018,06,12,"[6, 1]"
2018,06,13,"[6, 1]"
2018,06,14,"[6, 1]"
2018,06,15,"[6, 1]"
2018,06,16,"[6, 1]"
2018,06,17,"[6, 1]"
2018,06,19,"[6, 1]"
2018,06,20,"[6, 1]"
2018,06,28,"[6, 1]"
2018,06,29,"[6, 1]"
2018,06,30,"[6, 1]"
2018,07,01,"[6, 1]"
2018,07,02,"[6, 1]"
2018,07,03,"[6, 1]"
2018,07,11,"[6, 1]"
2018,07,12,"[6, 1]"
2018,07,13,"[6, 1]"
2018,07,14,"[6, 1]"
2018,07,15,"[6, 1]"
2018,07,16,"[6, 1]"
2018,07,17,"[6, 1]"
2018,07,18,"[6, 1]"
2018,07,19,"[6, 1]"
2018,07,20,"[6, 1]"
2018,07,21,"[6, 1]"
2018,07,22,"[6, 1]"
2018,07,23,"[6, 1]"
2018,07,24,"[6, 1]"
2018,07,25,"[6, 1]"
2018,07,26,"[6, 1]"
2018,07,27,"[6, 1]"
2018,07,28,"[6, 1]"
2018,07,29,"[6, 1]"
2018,07,30,"[6, 1]"
2018,07,31,"[6, 1]"
2018,08,01,"[6, 1]"
2018,08,02,"[6, 1]"
2018,08,03,"[6, 1]"
2018,08,04,"[6, 1]"
2018,08,05,"[6, 1]"
2018,08,06,"[6, 1]"
2018,08,07,"[6, 1]"
2018,08,08,"[6, 1]"
2018,08,09,"[6, 1]"
2018,08,10,"[6, 1]"
2018,08,11,"[6, 1]"
2018,08,12,"[6, 1]"
2018,08,13,"[6, 1]"
2018,08,14,"[6, 1]"
2018,08,15,"[6, 1]"
2018,08,16,"[6, 1]"
2018,08,17,"[6, 1]"
2018,08,18,"[6, 1]"
2018,08,19,"[6, 1]"
2018,08,20,"[6, 1]"
2018,08,21,"[6, 1]"
2018,08,22,"[6, 1]"
2018,08,23,"[6, 1]"
2018,08,24,"[6, 1]"
2018,08,25,"[6, 1]"
2018,08,26,"[6, 1]"
2018,08,27,"[6, 1]"
2018,08,28,"[6, 1]"
2018,08,29,"[6, 1]"
2018,08,30,"[6, 1]"
2018,08,31,"[6, 1]"
2018,09,01,"[6, 1]"
2018,09,02,"[6, 1]"
2018,09,03,"[6, 1]"
2018,09,04,"[6, 1]"
2018,09,05,"[6, 1]"
2018,09,06,"[6, 1]"
2018,09,07,"[6, 1]"
2018,09,08,"[6, 1]"
2018,09,09,"[6, 1]"
2018,09,10,"[6, 1]"
2018,09,11,"[6, 1]"
2018,09,12,"[6, 1]"
2018,09,13,"[6, 1]"
2018,09,14,"[6, 1]"
2018,09,15,"[6, 1]"
2018,09,16,"[6, 1]"
2018,09,17,"[6, 1]"
2018,09,18,"[6, 1]"
2018,09,19,"[6, 1]"
2018,09,20,"[6, 1]"
2018,09,21,"[6, 1]"
2018,09,22,"[6, 1]"
2018,09,23,"[6, 1]"
2018,09,24,"[6, 1]"
2018,09,25,"[6, 1]"
2018,09,26,"[6, 1]"
2018,09,27,"[6, 1]"
2018,09,28,"[6, 1]"
2018,09,29,"[6, 1]"
2018,09,30,"[6, 1]"
2018,10,01,"[6, 1]"
2018,10,02,"[6, 1]"
2018,10,03,"[6, 1]"
2018,10,04,"[6, 1]"
2018,10,05,"[6, 1]"
2018,10,06,"[6, 1]"
2018,10,07,"[6, 1]"
2018,10,08,"[6, 1]"
2018,10,09,"[6, 1]"
2018,10,10,"[6, 1]"
2018,10,11,"[6, 1]"
2018,10,12,"[6, 1]"
2018,10,13,"[6, 1]"
2018,10,14,"[6, 1]"
2018,10,15,"[6, 1]"
2018,10,16,"[6, 1]"
2018,10,17,"[6, 1]"
2018,10,18,"[6, 1]"
2018,10,19,"[6, 1]"
2018,10,20,"[6, 1]"
2018,10,21,"[6, 1]"
2018,10,22,"[6, 1]"
2018,10,23,"[6, 1]"
2018,10,24,"[6, 1]"
2018,10,25,"[6, 1]"
2018,10,26,"[6, 1]"
2018,10,27,"[6, 1]"
2018,10,28,"[6, 1]"
2018,10,29,"[6, 1]"
2018,10,30,"[6, 1]"
2018,10,31,"[6, 1]"
2018,11,01,"[7, 4]"
2018,11,02,"[7, 4]"
2018,11,03,"[7, 4]"
2018,11,04,"[7, 4]"
2018,11,05,"[7, 4]"
2018,11,06,"[7, 4]"
2018,11,07,"[7, 4]"
2018,11,08,"[7, 4]"
2018,11,09,"[7, 4]"
2018,11,10,"[7, 4]"
2018,11,11,"[7, 4]"
2018,11,12,"[7, 4]"
2018,11,13,"[7, 4]"
2018,11,14,"[7, 4]"
2018,11,15,"[7, 4]"
2018,11,16,"[7, 4]"
2018,11,17,"[7, 4]"
2018,11,18,"[7, 4]"
2018,11,19,"[7, 4]"
2018,11,20,"[7, 4]"
2018,11,21,"[7, 4]"
2018,11,22,"[7, 4]"
2018,11,23,"[7, 4]"
2018,11,24,"[7, 4]"
2018,11,25,"[7, 4]"
2018,11,26,"[7, 4]"
2018,11,27,"[7, 4]"
2018,11,28,"[7, 4]"
2018,11,29,"[7, 4]"
2018,11,30,"[7, 4]"
2018,12,01,"[7, 4]"
2018,12,02,"[7, 4]"
2018,12,03,"[7, 4]"
2018,12,04,"[7, 4]"
2018,12,05,"[7, 4]"
2018,12,06,"[7, 4]"
2018,12,07,"[7, 4]"
2018,12,08,"[7, 4]"
2018,12,24,"[7, 4]"
2018,12,25,"[7, 4]"
2018,12,26,"[7, 4]"
2018,12,27,"[7, 4]"
2018,12,28,"[7, 4]"
2018,12,29,"[7, 4]"
2018,12,30,"[7, 4]"
2018,12,31,"[7, 4]"
2019,10,01,"[[7, '2018', '10'], 4]"
2019,10,02,"[[7, '2018', '10'], 4]"
2019,10,03,"[[7, '2018', '10'], 4]"
2019,10,04,"[[7, '2018', '10'], 4]"
2019,10,05,"[[7, '2018', '10'], 4]"
2019,10,06,"[[7, '2018', '10'], 4]"
2019,10,07,"[[7, '2018', '10'], 4]"
2019,10,08,"[[7, '2018', '10'], 4]"
2019,10,09,"[[7, '2018', '10'], 4]"
2019,10,10,"[[7, '2018', '10'], 4]"
2019,10,11,"[[7, '2018', '10'], 4]"
2019,10,12,"[[7, '2018', '10'], 4]"
2019,10,13,"[[7, '2018', '10'], 4]"
2019,10,21,"[[7, '2018', '10'], 4]"
2019,10,23,"[[7, '2018', '10'], 4]"
2019,10,24,"[[7, '2018', '10'], 4]"
2019,10,25,"[[7, '2018', '10'], 4]"
2019,10,26,"[[7, '2018', '10'], 4]"
2019,10,27,"[[7, '2018', '10'], 4]"
2019,10,28,"[[7, '2018', '10'], 4]"
2019,10,29,"[[7, '2018', '10'], 4]"
2019,10,30,"[[7, '2018', '10'], 4]"
2019,10,31,"[[7, '2018', '10'], 4]"
2019,11,01,"[[7, '2018', '11'], 4]"
2019,11,02,"[[7, '2018', '11'], 4]"
2019,11,03,"[[7, '2018', '11'], 4]"
2019,11,04,"[[7, '2018', '11'], 4]"
2019,11,05,"[[7, '2018', '11'], 4]"
2019,11,06,"[[7, '2018', '11'], 4]"
2019,11,07,"[[7, '2018', '11'], 4]"
2019,11,08,"[[7, '2018', '11'], 4]"
2019,11,09,"[[7, '2018', '11'], 4]"
2019,11,10,"[[7, '2018', '11'], 4]"
2019,11,11,"[[7, '2018', '11'], 4]"
2019,11,12,"[[7, '2018', '11'], 4]"
2019,11,13,"[[7, '2018', '11'], 4]"
2019,11,14,"[[7, '2018', '11'], 4]"
2019,11,15,"[[7, '2018', '11'], 4]"
2019,11,16,"[[7, '2018', '11'], 4]"
2019,11,17,"[[7, '2018', '11'], 4]"
2019,11,18,"[[7, '2018', '11'], 4]"
2019,11,19,"[[7, '2018', '11'], 4]"
2019,11,20,"[[7, '2018', '11'], 4]"
2019,11,21,"[[7, '2018', '11'], 4]"
2019,11,22,"[[7, '2018', '11'], 4]"
2019,11,23,"[[7, '2018', '11'], 0]"
2019,11,24,"[[7, '2018', '11'], 0]"
2019,11,25,"[[7, '2018', '11'], 4]"
2019,11,26,"[[7, '2018', '11'], 4]"
2019,11,27,"[[7, '2018', '11'], 4]"
2019,11,28,"[[7, '2018', '11'], 4]"
2019,11,29,"[[7, '2018', '11'], 4]"
2019,11,30,"[[7, '2018', '11'], 4]"
2019,12,01,"[[7, '2018', '12'], 4]"
2019,12,02,"[[7, '2018', '12'], 4]"
2019,12,03,"[[7, '2018', '12'], 4]"
2019,12,04,"[[7, '2018', '12'], 4]"
2019,12,05,"[[7, '2018', '12'], 4]"
2019,12,06,"[[7, '2018', '12'], 4]"
2019,12,07,"[[7, '2018', '12'], 4]"
2019,12,08,"[[7, '2018', '12'], 4]"
2019,12,09,"[[7, '2018', '12'], 4]"
2019,12,10,"[[7, '2018', '12'], 4]"
2019,12,11,"[[7, '2018', '12'], 4]"
2019,12,12,"[[7, '2018', '12'], 4]"
2019,12,13,"[[7, '2018', '12'], 4]"
2019,12,14,"[[7, '2018', '12'], 4]"
2019,12,15,"[[7, '2018', '12'], 4]"
2019,12,16,"[[7, '2018', '12'], 4]"
2019,12,17,"[[7, '2018', '12'], 4]"
2019,12,18,"[[7, '2018', '12'], 4]"
2019,12,19,"[[7, '2018', '12'], 4]"
2019,12,20,"[[7, '2018', '12'], 4]"
2019,12,21,"[[7, '2018', '12'], 4]"
2019,12,22,"[[7, '2018', '12'], 4]"
2019,12,23,"[[7, '2018', '12'], 4]"
2019,12,24,"[[7, '2018', '12'], 4]"
2019,12,25,"[[7, '2018', '12'], 4]"
2019,12,26,"[[7, '2018', '12'], 4]"
2019,12,27,"[[7, '2018', '12'], 4]"
2019,12,28,"[[7, '2018', '12'], 4]"
2019,12,29,"[[7, '2018', '12'], 4]"
2019,12,30,"[[7, '2018', '12'], 4]"
2019,12,31,"[[7, '2018', '12'], 4]"
2019,01,01,"[7, 4]"
2019,01,02,"[7, 4]"
2019,01,03,"[7, 4]"
2019,01,09,"[7, 4]"
2019,01,10,"[7, 4]"
2019,01,13,"[7, 4]"
2019,01,14,"[7, 4]"
2019,01,15,"[7, 4]"
2019,01,16,"[7, 4]"
2019,01,17,"[7, 4]"
2019,01,18,"[7, 4]"
2019,01,19,"[7, 4]"
2019,01,20,"[7, 4]"
2019,01,21,"[7, 4]"
2019,01,22,"[7, 4]"
2019,01,23,"[7, 4]"
2019,01,24,"[7, 4]"
2019,01,25,"[7, 4]"
2019,01,26,"[7, 4]"
2019,01,27,"[7, 4]"
2019,01,28,"[7, 4]"
2019,01,29,"[7, 4]"
2019,01,30,"[7, 4]"
2019,01,31,"[7, 4]"
2019,02,01,"[7, 4]"
2019,02,02,"[7, 4]"
2019,02,03,"[7, 4]"
2019,02,04,"[7, 4]"
2019,02,05,"[7, 4]"
2019,02,06,"[7, 4]"
2019,02,07,"[7, 4]"
2019,02,08,"[7, 4]"
2019,02,09,"[7, 4]"
2019,02,10,"[7, 4]"
2019,02,11,"[7, 4]"
2019,02,12,"[7, 4]"
2019,02,13,"[7, 4]"
2019,02,14,"[7, 4]"
2019,02,15,"[7, 4]"
2019,02,16,"[7, 4]"
2019,02,17,"[7, 4]"
2019,02,18,"[7, 4]"
2019,02,19,"[7, 4]"
2019,02,20,"[7, 4]"
2019,02,21,"[7, 4]"
2019,02,22,"[7, 4]"
2019,02,23,"[7, 4]"
2019,02,24,"[7, 4]"
2019,02,25,"[7, 4]"
2019,02,26,"[7, 4]"
2019,02,27,"[7, 4]"
2019,02,28,"[7, 4]"
2019,03,01,"[7, 4]"
2019,03,02,"[7, 4]"
2019,03,03,"[7, 4]"
2019,03,04,"[7, 4]"
2019,03,05,"[7, 4]"
2019,03,06,"[7, 4]"
2019,03,07,"[7, 4]"
2019,03,08,"[7, 4]"
2019,03,09,"[7, 4]"
2019,03,10,"[7, 4]"
2019,03,11,"[7, 4]"
2019,03,12,"[7, 4]"
2019,03,13,"[7, 4]"
2019,03,14,"[7, 4]"
2019,03,15,"[7, 4]"
2019,03,16,"[7, 4]"
2019,03,17,"[7, 4]"
2019,03,18,"[7, 4]"
2019,03,19,"[7, 4]"
2019,03,20,"[7, 4]"
2019,03,21,"[7, 4]"
2019,03,22,"[7, 4]"
2019,03,23,"[7, 4]"
2019,03,28,"[7, 4]"
2019,03,29,"[7, 4]"
2019,03,30,"[7, 4]"
2019,03,31,"[7, 4]"
2019,04,01,"[7, 4]"
2019,04,02,"[7, 4]"
2019,04,03,"[7, 4]"
2019,04,04,"[7, 4]"
2019,04,05,"[7, 4]"
2019,04,06,"[7, 4]"
2019,04,07,"[7, 4]"
2019,04,08,"[7, 4]"
2019,04,09,"[7, 4]"
2019,04,10,"[7, 4]"
2019,04,11,"[7, 4]"
2019,04,12,"[7, 4]"
2019,04,13,"[7, 4]"
2019,04,14,"[7, 4]"
2019,04,15,"[7, 4]"
2019,04,16,"[7, 4]"
2019,04,17,"[7, 4]"
2019,04,18,"[7, 4]"
2019,04,19,"[7, 4]"
2019,04,20,"[7, 4]"
2019,04,21,"[7, 4]"
2019,04,22,"[7, 4]"
2019,04,23,"[7, 4]"
2019,04,24,"[7, 4]"
2019,04,25,"[7, 4]"
2019,04,26,"[7, 4]"
2019,04,27,"[7, 4]"
2019,04,28,"[7, 4]"
2019,04,29,"[7, 4]"
2019,04,30,"[7, 4]"
2019,05,01,"[7, 4]"
2019,05,02,"[7, 4]"
2019,05,03,"[7, 4]"
2019,05,04,"[7, 4]"
2019,05,05,"[7, 4]"
2019,05,06,"[7, 4]"
2019,05,07,"[7, 4]"
2019,05,08,"[7, 4]"
2019,05,09,"[7, 4]"
2019,05,10,"[7, 4]"
2019,05,11,"[7, 4]"
2019,05,12,"[7, 4]"
2019,05,13,"[7, 4]"
2019,05,14,"[7, 4]"
2019,05,15,"[7, 4]"
2019,05,16,"[7, 4]"
2019,05,17,"[7, 4]"
2019,05,18,"[7, 4]"
2019,05,19,"[7, 4]"
2019,05,20,"[7, 4]"
2019,05,21,"[7, 4]"
2019,05,22,"[7, 4]"
2019,05,23,"[7, 4]"
2019,05,24,"[7, 4]"
2019,05,25,"[7, 4]"
2019,05,26,"[7, 4]"
2019,05,27,"[7, 4]"
2019,05,28,"[7, 4]"
2019,05,29,"[7, 4]"
2019,05,30,"[7, 4]"
2019,05,31,"[7, 4]"
2019,06,01,"[7, 4]"
2019,06,02,"[7, 4]"
2019,06,03,"[7, 4]"
2019,06,04,"[7, 4]"
2019,06,05,"[7, 4]"
2019,06,06,"[7, 4]"
2019,06,07,"[7, 4]"
2019,06,08,"[7, 4]"
2019,06,09,"[7, 4]"
2019,06,10,"[7, 4]"
2019,06,11,"[7, 4]"
2019,06,12,"[7, 4]"
2019,06,13,"[7, 4]"
2019,06,14,"[7, 4]"
2019,06,15,"[7, 4]"
2019,06,16,"[7, 4]"
2019,06,17,"[7, 4]"
2019,06,18,"[7, 4]"
2019,06,19,"[7, 4]"
2019,06,20,"[7, 4]"
2019,06,21,"[7, 4]"
2019,06,22,"[7, 4]"
2019,06,23,"[7, 4]"
2019,06,24,"[7, 0]"
2019,06,25,"[7, 4]"
2019,06,26,"[7, 4]"
2019,06,27,"[7, 4]"
2019,06,28,"[7, 4]"
2019,06,29,"[7, 4]"
2019,06,30,"[7, 4]"
2019,07,01,"[7, 4]"
2019,07,02,"[7, 4]"
2019,07,03,"[7, 4]"
2019,07,04,"[7, 4]"
2019,07,05,"[7, 4]"
2019,07,06,"[7, 4]"
2019,07,07,"[7, 4]"
2019,07,08,"[7, 4]"
2019,07,09,"[7, 4]"
2019,07,10,"[7, 4]"
2019,07,11,"[7, 4]"
2019,07,12,"[7, 4]"
2019,07,13,"[7, 4]"
2019,07,14,"[7, 4]"
2019,07,15,"[7, 4]"
2019,07,16,"[7, 4]"
2019,07,17,"[7, 4]"
2019,07,18,"[7, 4]"
2019,07,19,"[7, 4]"
2019,07,20,"[7, 4]"
2019,07,21,"[7, 4]"
2019,07,22,"[7, 4]"
2019,07,23,"[7, 4]"
2019,07,24,"[7, 4]"
2019,07,25,"[7, 4]"
2019,07,26,"[7, 4]"
2019,07,27,"[7, 4]"
2019,07,28,"[7, 4]"
2019,07,29,"[7, 4]"
2019,07,30,"[7, 4]"
2019,07,31,"[7, 4]"
2019,08,01,"[7, 4]"
2019,08,02,"[7, 4]"
2019,08,03,"[7, 4]"
2019,08,04,"[7, 4]"
2019,08,05,"[7, 4]"
2019,08,06,"[7, 4]"
2019,08,07,"[7, 4]"
2019,08,08,"[7, 4]"
2019,08,09,"[7, 4]"
2019,08,10,"[7, 4]"
2019,08,11,"[7, 4]"
2019,08,12,"[7, 4]"
2019,08,13,"[7, 4]"
2019,08,14,"[7, 4]"
2019,08,15,"[7, 4]"
2019,08,16,"[7, 4]"
2019,08,17,"[7, 4]"
2019,08,18,"[7, 4]"
2019,08,19,"[7, 4]"
2019,08,20,"[7, 4]"
2019,08,21,"[7, 4]"
2019,08,22,"[7, 4]"
2019,08,23,"[7, 4]"
2019,08,24,"[7, 4]"
2019,08,25,"[7, 4]"
2019,08,26,"[7, 4]"
2019,08,27,"[7, 4]"
2019,08,28,"[7, 4]"
2019,08,29,"[7, 4]"
2019,08,30,"[7, 4]"
2019,08,31,"[7, 4]"
2019,09,01,"[[7, '2019', '08'], 4]"
2019,09,02,"[[7, '2019', '08'], 4]"
2019,09,03,"[[7, '2019', '08'], 4]"
2019,09,04,"[[7, '2019', '08'], 4]"
2019,09,05,"[[7, '2019', '08'], 4]"
2019,09,06,"[[7, '2019', '08'], 4]"
2019,09,07,"[[7, '2019', '08'], 4]"
2019,09,08,"[[7, '2019', '08'], 4]"
2019,09,09,"[[7, '2019', '08'], 4]"
2019,09,10,"[[7, '2019', '08'], 4]"
2019,09,11,"[[7, '2019', '08'], 4]"
2019,09,12,"[[7, '2019', '08'], 4]"
2019,09,13,"[[7, '2019', '08'], 4]"
2019,09,16,"[[7, '2019', '08'], 4]"
2019,09,17,"[[7, '2019', '08'], 4]"
2019,09,18,"[[7, '2019', '08'], 4]"
2019,09,19,"[[7, '2019', '08'], 4]"
2019,09,20,"[[7, '2019', '08'], 4]"
2019,09,21,"[[7, '2019', '08'], 4]"
2019,09,22,"[[7, '2019', '08'], 4]"
2019,09,23,"[[7, '2019', '08'], 4]"
2019,09,24,"[[7, '2019', '08'], 4]"
2019,09,25,"[[7, '2019', '08'], 4]"
2019,09,26,"[[7, '2019', '08'], 4]"
2019,09,27,"[[7, '2019', '08'], 4]"
2019,09,28,"[[7, '2019', '08'], 4]"
2019,09,29,"[[7, '2019', '08'], 4]"
2019,09,30,"[[7, '2019', '08'], 4]"
2020,01,01,"[7, 4]"
2020,01,02,"[7, 4]"
2020,01,03,"[7, 0]"
2020,01,04,"[7, 4]"
2020,01,05,"[7, 4]"
2020,01,06,"[7, 4]"
2020,01,07,"[7, 4]"
2020,01,08,"[7, 4]"
2020,01,09,"[7, 4]"
2020,01,10,"[7, 4]"
2020,01,11,"[7, 4]"
2020,01,12,"[7, 4]"
2020,01,13,"[7, 4]"
2020,01,14,"[7, 4]"
2020,01,15,"[7, 4]"
2020,01,16,"[7, 4]"
2020,01,17,"[7, 4]"
2020,01,18,"[7, 4]"
2020,01,19,"[7, 4]"
2020,01,20,"[7, 4]"
2020,01,21,"[7, 4]"
2020,01,22,"[7, 4]"
2020,01,23,"[7, 4]"
2020,01,24,"[7, 4]"
2020,01,25,"[7, 4]"
2020,01,26,"[7, 4]"
2020,01,27,"[7, 4]"
2020,01,28,"[7, 4]"
2020,01,29,"[7, 4]"
2020,01,30,"[7, 4]"
2020,01,31,"[7, 4]"
2020,02,01,"[7, 4]"
2020,02,04,"[7, 4]"
2020,02,05,"[7, 4]"
2020,02,06,"[7, 4]"
2020,02,09,"[7, 4]"
2020,02,10,"[7, 4]"
2020,02,11,"[7, 4]"
2020,02,14,"[7, 4]"
2020,02,16,"[7, 4]"
2020,02,17,"[7, 4]"
2020,02,20,"[7, 4]"
2020,02,21,"[7, 4]"
2020,02,22,"[7, 4]"
2020,02,27,"[7, 4]"
2020,02,29,"[7, 4]"
2020,03,01,"[7, 3]"
2020,03,02,"[7, 3]"
2020,03,03,"[7, 3]"
2020,03,04,"[7, 3]"
2020,03,05,"[7, 3]"
2020,03,06,"[7, 3]"
2020,03,07,"[7, 3]"
2020,03,08,"[7, 3]"
2020,03,09,"[7, 3]"
2020,03,10,"[7, 3]"
2020,03,11,"[7, 3]"
2020,03,12,"[7, 3]"
2020,03,13,"[7, 3]"
2020,03,14,"[7, 3]"
2020,03,15,"[7, 3]"
2020,03,16,"[7, 3]"
2020,03,17,"[7, 3]"
2020,03,18,"[7, 3]"
2020,03,19,"[7, 3]"
2020,03,20,"[7, 3]"
2020,03,21,"[7, 3]"
2020,03,22,"[7, 3]"
2020,03,23,"[7, 3]"
2020,03,24,"[7, 3]"
2020,03,25,"[7, 3]"
2020,03,26,"[7, 3]"
2020,03,27,"[7, 3]"
2020,03,28,"[7, 3]"
2020,03,29,"[7, 3]"
2020,03,30,"[7, 3]"
2020,03,31,"[7, 3]"
2020,04,01,"[7, 3]"
2020,04,02,"[7, 3]"
2020,04,03,"[7, 3]"
2020,04,04,"[7, 3]"
2020,04,05,"[7, 3]"
2020,04,06,"[7, 3]"
2020,04,07,"[7, 3]"
2020,04,08,"[7, 3]"
2020,04,09,"[7, 3]"
2020,04,10,"[7, 3]"
2020,04,11,"[7, 3]"
2020,04,12,"[7, 3]"
2020,04,13,"[7, 3]"
2020,04,14,"[7, 3]"
2020,04,15,"[7, 3]"
2020,04,16,"[7, 3]"
2020,04,17,"[7, 3]"
2020,04,18,"[7, 3]"
2020,04,19,"[7, 3]"
2020,04,20,"[7, 3]"
2020,04,21,"[7, 3]"
2020,04,22,"[7, 3]"
2020,04,23,"[7, 3]"
2020,04,24,"[7, 3]"
2020,04,25,"[7, 3]"
2020,04,26,"[7, 3]"
2020,04,27,"[7, 3]"
2020,04,28,"[7, 3]"
2020,04,29,"[7, 3]"
2020,04,30,"[7, 3]"
2020,04,31,"[7, 0]"
2020,05,01,"[7, 3]"
2020,05,02,"[7, 3]"
2020,05,03,"[7, 3]"
2020,05,04,"[7, 3]"
2020,05,05,"[7, 3]"
2020,05,06,"[7, 3]"
2020,05,07,"[7, 3]"
2020,05,08,"[7, 3]"
2020,05,09,"[7, 3]"
2020,05,10,"[7, 3]"
2020,05,11,"[7, 3]"
2020,05,12,"[7, 3]"
2020,05,13,"[7, 3]"
2020,05,14,"[7, 3]"
2020,05,15,"[7, 3]"
2020,05,16,"[7, 3]"
2020,05,17,"[7, 3]"
2020,05,18,"[7, 3]"
2020,05,19,"[7, 3]"
2020,05,20,"[7, 3]"
2020,05,21,"[7, 3]"
2020,05,22,"[7, 3]"
2020,05,23,"[7, 3]"
2020,05,24,"[7, 0]"
2020,05,25,"[7, 0]"
2020,05,26,"[7, 3]"
2020,05,27,"[7, 3]"
2020,05,28,"[7, 3]"
2020,05,29,"[7, 3]"
2020,05,30,"[7, 3]"
2020,05,31,"[7, 3]"
2020,06,01,"[7, 3]"
2020,06,02,"[7, 3]"
2020,06,03,"[7, 0]"
2020,06,04,"[7, 3]"
2020,06,05,"[7, 3]"
2020,06,06,"[7, 3]"
2020,06,07,"[7, 3]"
2020,06,08,"[7, 3]"
2020,06,09,"[7, 3]"
2020,06,10,"[7, 3]"
2020,06,11,"[7, 3]"
2020,06,12,"[7, 3]"
2020,06,13,"[7, 3]"
2020,06,14,"[7, 3]"
2020,06,15,"[7, 3]"
2020,06,16,"[7, 3]"
2020,06,17,"[7, 3]"
2020,06,18,"[7, 3]"
2020,06,19,"[7, 3]"
2020,06,20,"[7, 3]"
2020,06,21,"[7, 3]"
2020,06,22,"[7, 3]"
2020,06,23,"[7, 3]"
2020,06,24,"[7, 3]"
2020,06,25,"[7, 3]"
2020,06,26,"[7, 3]"
2020,06,27,"[7, 3]"
2020,06,28,"[7, 3]"
2020,06,29,"[7, 3]"
2020,06,30,"[7, 3]"
2020,06,31,"[7, 0]"
2020,07,01,"[8, 1]"
2020,07,02,"[8, 0]"
2020,07,03,"[8, 0]"
2020,07,04,"[8, 0]"
2020,07,06,"[8, 1]"
2020,07,07,"[8, 1]"
2020,07,08,"[8, 1]"
2020,07,09,"[8, 1]"
2020,07,10,"[8, 1]"
2020,07,11,"[8, 1]"
2020,07,12,"[8, 1]"
2020,07,13,"[8, 1]"
2020,07,14,"[8, 1]"
2020,07,15,"[8, 1]"
2020,07,16,"[8, 1]"
2020,07,17,"[8, 1]"
2020,07,18,"[8, 1]"
2020,07,19,"[8, 1]"
2020,07,20,"[8, 1]"
2020,07,21,"[8, 1]"
2020,07,22,"[8, 1]"
2020,07,23,"[8, 1]"
2020,07,24,"[8, 1]"
2020,07,25,"[8, 1]"
2020,07,26,"[8, 1]"
2020,07,27,"[8, 1]"
2020,07,28,"[8, 1]"
2020,07,29,"[8, 1]"
2020,07,30,"[8, 1]"
2020,07,31,"[8, 1]"
2020,08,01,"[8, 1]"
2020,08,02,"[8, 1]"
2020,08,03,"[8, 1]"
2020,08,04,"[8, 1]"
2020,08,05,"[8, 1]"
2020,08,06,"[8, 1]"
2020,08,07,"[8, 1]"
2020,08,08,"[8, 1]"
2020,08,09,"[8, 1]"
2020,08,10,"[8, 1]"
2020,08,11,"[8, 1]"
2020,08,12,"[8, 1]"
2020,08,13,"[8, 1]"
2020,08,14,"[8, 1]"
2020,08,15,"[8, 1]"
2020,08,16,"[8, 1]"
2020,08,17,"[8, 1]"
2020,08,18,"[8, 1]"
2020,08,19,"[8, 1]"
2020,08,20,"[8, 1]"
2020,08,21,"[8, 1]"
2020,08,22,"[8, 1]"
2020,08,23,"[8, 1]"
2020,08,24,"[8, 1]"
2020,08,25,"[8, 1]"
2020,08,26,"[8, 1]"
2020,08,27,"[8, 1]"
2020,08,28,"[8, 1]"
2020,08,29,"[8, 1]"
2020,08,30,"[8, 1]"
2020,08,31,"[8, 1]"
2020,09,01,"[8, 1]"
2020,09,02,"[8, 1]"
2020,09,03,"[8, 1]"
2020,09,04,"[8, 1]"
2020,09,05,"[8, 1]"
2020,09,06,"[8, 1]"
2020,09,07,"[8, 1]"
2020,09,08,"[8, 1]"
2020,09,09,"[8, 1]"
2020,09,10,"[8, 1]"
2020,09,11,"[8, 1]"
2020,09,12,"[8, 1]"
2020,09,13,"[8, 1]"
2020,09,14,"[8, 1]"
2020,09,15,"[8, 1]"
2020,09,16,"[8, 1]"
2020,09,17,"[8, 1]"
2020,09,18,"[8, 1]"
2020,09,19,"[8, 1]"
2020,09,20,"[8, 1]"
2020,09,21,"[8, 1]"
2020,09,22,"[8, 1]"
2020,09,23,"[8, 1]"
2020,09,24,"[8, 1]"
2020,09,25,"[8, 1]"
2020,09,26,"[8, 1]"
2020,09,27,"[8, 1]"
2020,09,28,"[8, 1]"
2020,09,29,"[8, 1]"
2020,09,30,"[8, 1]"
2020,10,01,"[8, 1]"
2020,10,02,"[8, 1]"
2020,10,03,"[8, 1]"
2020,10,04,"[8, 1]"
2020,10,05,"[8, 1]"
2020,10,06,"[8, 1]"
2020,10,07,"[8, 1]"
2020,10,08,"[8, 1]"
2020,10,09,"[8, 1]"
2020,10,10,"[8, 1]"
2020,10,11,"[8, 1]"
2020,10,12,"[8, 1]"
2020,10,13,"[8, 1]"
2020,10,14,"[8, 1]"
2020,10,15,"[8, 1]"
2020,10,16,"[8, 1]"
2020,10,17,"[8, 1]"
2020,10,18,"[8, 1]"
2020,10,19,"[8, 1]"
2020,10,20,"[8, 1]"
2020,10,21,"[8, 1]"
2020,10,22,"[8, 1]"
2020,10,23,"[8, 1]"
2020,10,24,"[8, 1]"
2020,10,25,"[8, 1]"
2020,10,26,"[8, 1]"
2020,10,27,"[8, 1]"
2020,10,28,"[8, 1]"
2020,10,29,"[8, 1]"
2020,10,30,"[8, 1]"
2020,10,31,"[8, 1]"
2020,11,01,"[8, 1]"
2020,11,02,"[8, 1]"
2020,11,03,"[8, 1]"
2020,11,04,"[8, 1]"
2020,11,05,"[8, 1]"
2020,11,06,"[8, 1]"
2020,11,07,"[8, 0]"
2020,11,08,"[8, 1]"
2020,11,09,"[8, 1]"
2020,11,10,"[8, 1]"
2020,11,11,"[8, 1]"
2020,11,12,"[8, 1]"
2020,11,13,"[8, 1]"
2020,11,14,"[8, 1]"
2020,11,15,"[8, 1]"
2020,11,16,"[8, 1]"
2020,11,17,"[8, 1]"
2020,11,18,"[8, 1]"
2020,11,19,"[8, 1]"
2020,11,20,"[8, 1]"
2020,11,21,"[8, 1]"
2020,11,22,"[8, 1]"
2020,11,23,"[8, 1]"
2020,11,24,"[8, 1]"
2020,11,25,"[8, 1]"
2020,11,26,"[8, 1]"
2020,11,27,"[8, 1]"
2020,11,28,"[8, 1]"
2020,11,29,"[8, 1]"
2020,11,30,"[8, 1]"
2020,12,01,"[8, 1]"
2020,12,02,"[8, 1]"
2020,12,03,"[8, 1]"
2020,12,04,"[8, 1]"
2020,12,05,"[8, 1]"
2020,12,06,"[8, 1]"
2020,12,07,"[8, 1]"
2020,12,08,"[8, 1]"
2020,12,09,"[8, 1]"
2020,12,10,"[8, 1]"
2020,12,11,"[8, 1]"
2020,12,12,"[8, 1]"
2020,12,13,"[8, 1]"
2020,12,14,"[8, 1]"
2020,12,15,"[8, 1]"
2020,12,16,"[8, 1]"
2020,12,17,"[8, 1]"
2020,12,18,"[8, 1]"
2020,12,19,"[8, 1]"
2020,12,20,"[8, 1]"
2020,12,21,"[8, 1]"
2020,12,22,"[8, 1]"
2020,12,23,"[8, 1]"
2020,12,24,"[8, 1]"
2020,12,25,"[8, 1]"
2020,12,26,"[8, 1]"
2020,12,27,"[8, 1]"
2020,12,28,"[8, 1]"
2020,12,29,"[8, 1]"
2020,12,30,"[8, 1]"
2020,12,31,"[8, 1]"
2021,01,01,"[8, 1]"
2021,01,02,"[8, 1]"
2021,01,03,"[8, 1]"
2021,01,04,"[8, 1]"
2021,01,05,"[8, 1]"
2021,01,06,"[8, 1]"
2021,01,25,"[8, 1]"
2021,01,26,"[8, 1]"
2021,01,27,"[8, 1]"
2021,01,28,"[8, 1]"
2021,01,29,"[8, 1]"
2021,01,30,"[8, 1]"
2021,01,31,"[8, 1]"
2021,02,01,"[8, 1]"
2021,02,02,"[8, 1]"
2021,02,03,"[8, 1]"
2021,02,04,"[8, 1]"
2021,02,05,"[8, 1]"
2021,02,06,"[8, 1]"
2021,02,07,"[8, 1]"
2021,02,08,"[8, 1]"
2021,02,09,"[8, 1]"
2021,02,10,"[8, 1]"
2021,02,11,"[8, 1]"
2021,02,12,"[8, 1]"
2021,02,13,"[8, 1]"
2021,02,14,"[8, 1]"
2021,02,15,"[8, 1]"
2021,02,16,"[8, 1]"
2021,02,17,"[8, 1]"
2021,02,18,"[8, 1]"
2021,02,19,"[8, 1]"
2021,02,20,"[8, 1]"
2021,02,21,"[8, 1]"
2021,02,22,"[8, 1]"
2021,02,23,"[8, 1]"
2021,02,24,"[8, 1]"
2021,02,25,"[8, 1]"
2021,02,26,"[8, 1]"
2021,02,27,"[8, 1]"
2021,02,28,"[8, 1]"
2021,03,01,"[8, 1]"
2021,03,02,"[8, 1]"
2021,03,03,"[8, 1]"
2021,03,04,"[8, 1]"
2021,03,05,"[8, 1]"
2021,03,06,"[8, 1]"
2021,03,07,"[8, 1]"
2021,03,08,"[8, 1]"
2021,03,09,"[8, 1]"
2021,03,10,"[8, 1]"
2021,03,11,"[8, 1]"
2021,03,12,"[8, 1]"
2021,03,13,"[8, 1]"
2021,03,14,"[8, 1]"
2021,03,15,"[8, 1]"
2021,03,16,"[8, 1]"
2021,03,17,"[8, 1]"
2021,03,18,"[8, 1]"
2021,03,19,"[8, 1]"
2021,03,20,"[8, 1]"
2021,03,21,"[8, 1]"
2021,03,22,"[8, 1]"
2021,03,23,"[8, 1]"
2021,03,24,"[8, 1]"
2021,03,25,"[8, 1]"
2021,03,26,"[8, 1]"
2021,03,27,"[8, 1]"
2021,03,28,"[8, 1]"
2021,03,29,"[8, 1]"
2021,03,30,"[8, 1]"
2021,03,31,"[8, 1]"
2021,04,01,"[8, 1]"
2021,04,02,"[8, 1]"
2021,04,03,"[8, 1]"
2021,04,04,"[8, 1]"
2021,04,05,"[8, 1]"
2021,04,06,"[8, 1]"
2021,04,07,"[8, 1]"
2021,04,08,"[8, 1]"
2021,04,09,"[8, 1]"
2021,04,10,"[8, 1]"
2021,04,27,"[8, 1]"
2021,04,28,"[8, 1]"
2021,04,29,"[8, 1]"
2021,04,30,"[8, 1]"
2021,05,01,"[8, 1]"
2021,05,02,"[8, 1]"
2021,05,03,"[8, 1]"
2021,05,04,"[8, 1]"
2021,05,05,"[8, 1]"
2021,05,06,"[8, 1]"
2021,05,07,"[8, 1]"
2021,05,08,"[8, 1]"
2021,05,09,"[8, 1]"
2021,05,10,"[8, 1]"
2021,05,11,"[8, 1]"
2021,05,12,"[8, 1]"
2021,05,13,"[8, 1]"
2021,05,14,"[8, 1]"
2021,05,15,"[8, 1]"
2021,05,16,"[8, 1]"
2021,05,17,"[8, 1]"
2021,05,18,"[8, 1]"
2021,05,19,"[8, 1]"
2021,05,20,"[8, 1]"
2021,05,21,"[8, 1]"
2021,05,22,"[8, 1]"
2021,05,23,"[8, 1]"
2021,05,24,"[8, 1]"
2021,05,25,"[8, 1]"
2021,05,26,"[8, 1]"
2021,05,27,"[8, 1]"
2021,05,28,"[8, 1]"
2021,05,29,"[8, 1]"
2021,05,30,"[8, 1]"
2021,05,31,"[8, 1]"
2021,06,01,"[8, 1]"
2021,06,02,"[8, 1]"
2021,06,03,"[8, 1]"
2021,06,04,"[8, 1]"
2021,06,05,"[8, 1]"
2021,06,06,"[8, 1]"
2021,06,07,"[8, 1]"
2021,06,08,"[8, 1]"
2021,06,09,"[8, 1]"
2021,06,10,"[8, 1]"
2021,06,11,"[8, 1]"
2021,06,12,"[8, 1]"
2021,06,13,"[8, 1]"
2021,06,14,"[8, 1]"
2021,06,15,"[8, 1]"
2021,06,16,"[8, 1]"
2021,06,17,"[8, 1]"
2021,06,18,"[8, 1]"
2021,06,19,"[8, 1]"
2021,06,20,"[8, 1]"
2021,06,21,"[8, 1]"
2021,06,22,"[8, 1]"
2021,06,23,"[8, 1]"
2021,06,24,"[8, 1]"
2021,06,25,"[8, 1]"
2021,06,26,"[8, 1]"
2021,06,27,"[8, 1]"
2021,06,28,"[8, 1]"
2021,06,29,"[8, 1]"
2021,06,30,"[8, 1]"
2021,07,01,"[8, 1]"
2021,07,02,"[8, 1]"
2021,07,03,"[8, 1]"
2021,07,04,"[8, 1]"
2021,07,05,"[8, 1]"
2021,07,07,"[8, 1]"
2021,07,08,"[8, 1]"
2021,07,09,"[8, 1]"
2021,07,10,"[8, 1]"
2021,07,11,"[8, 1]"
2021,07,12,"[8, 1]"
2021,07,13,"[8, 1]"
2021,07,14,"[8, 1]"
2021,07,15,"[8, 1]"
2021,07,16,"[8, 1]"
2021,07,17,"[8, 1]"
2021,07,18,"[8, 1]"
2021,07,19,"[8, 1]"
2021,07,20,"[8, 1]"
2021,07,21,"[8, 1]"
2021,07,22,"[8, 1]"
2021,07,23,"[8, 1]"
2021,07,24,"[8, 1]"
2021,07,25,"[8, 1]"
2021,07,26,"[8, 1]"
2021,07,27,"[8, 1]"
2021,07,28,"[8, 1]"
2021,07,29,"[8, 1]"
2021,07,30,"[8, 1]"
2021,07,31,"[8, 1]"
2021,08,01,"[8, 1]"
2021,08,02,"[8, 1]"
2021,08,03,"[8, 1]"
2021,08,04,"[8, 1]"
2021,08,05,"[8, 1]"
2021,08,06,"[8, 1]"
2021,08,07,"[8, 1]"
2021,08,08,"[8, 1]"
2021,08,09,"[8, 1]"
2021,08,10,"[8, 1]"
2021,08,11,"[8, 1]"
2021,08,12,"[8, 1]"
2021,08,13,"[8, 1]"
2021,08,14,"[8, 1]"
2021,08,15,"[8, 1]"
2021,08,16,"[8, 1]"
2021,08,17,"[8, 1]"
2021,08,18,"[8, 1]"
2021,08,19,"[8, 1]"
2021,08,20,"[8, 1]"
2021,08,21,"[8, 1]"
2021,08,22,"[8, 1]"
2021,08,23,"[9, 6]"
2021,08,24,"[9, 6]"
2021,08,25,"[9, 6]"
2021,08,26,"[9, 6]"
2021,08,27,"[9, 6]"
2021,08,28,"[9, 6]"
2021,08,29,"[9, 6]"
2021,08,30,"[9, 6]"
2021,08,31,"[9, 6]"
2021,09,01,"[9, 6]"
2021,09,02,"[9, 6]"
2021,09,03,"[9, 6]"
2021,09,04,"[9, 6]"
2021,09,05,"[9, 6]"
2021,09,06,"[9, 6]"
2021,09,07,"[9, 6]"
2021,09,08,"[9, 6]"
2021,09,09,"[9, 6]"
2021,09,10,"[9, 6]"
2021,09,11,"[9, 6]"
2021,09,12,"[9, 6]"
2021,09,13,"[9, 6]"
2021,09,14,"[9, 6]"
2021,09,15,"[9, 6]"
2021,09,16,"[9, 6]"
2021,09,17,"[9, 6]"
2021,09,18,"[9, 6]"
2021,09,19,"[9, 6]"
2021,09,20,"[9, 6]"
2021,09,21,"[9, 6]"
2021,09,22,"[9, 6]"
2021,09,23,"[9, 6]"
2021,09,24,"[9, 6]"
2021,09,25,"[9, 6]"
2021,09,26,"[9, 6]"
2021,09,27,"[9, 6]"
2021,09,28,"[9, 6]"
2021,09,29,"[9, 6]"
2021,09,30,"[9, 6]"
2021,10,01,"[9, 6]"
2021,10,02,"[9, 6]"
2021,10,03,"[9, 6]"
2021,10,04,"[9, 6]"
2021,10,05,"[9, 6]"
2021,10,06,"[9, 6]"
2021,10,07,"[9, 6]"
2021,10,08,"[9, 6]"
2021,10,09,"[9, 6]"
2021,10,10,"[9, 6]"
2021,10,11,"[9, 6]"
2021,10,12,"[9, 6]"
2021,10,13,"[9, 6]"
2021,10,14,"[9, 6]"
2021,10,15,"[9, 6]"
2021,10,16,"[9, 6]"
2021,10,17,"[9, 6]"
2021,10,18,"[9, 6]"
2021,10,19,"[9, 6]"
2021,10,20,"[9, 6]"
2021,10,21,"[9, 6]"
2021,10,22,"[9, 6]"
2021,10,23,"[9, 6]"
2021,10,24,"[9, 6]"
2021,10,25,"[9, 6]"
2021,10,26,"[9, 6]"
2021,10,27,"[9, 6]"
2021,10,28,"[9, 6]"
2021,10,29,"[9, 6]"
2021,10,30,"[9, 6]"
2021,10,31,"[9, 6]"
2021,11,01,"[9, 6]"
2021,11,02,"[9, 6]"
2021,11,03,"[9, 6]"
2021,11,04,"[9, 6]"
2021,11,05,"[9, 6]"
2021,11,06,"[9, 6]"
2021,11,07,"[9, 6]"
2021,11,08,"[9, 6]"
2021,11,09,"[9, 6]"
2021,11,10,"[9, 6]"
2021,11,11,"[9, 6]"
2021,11,12,"[9, 6]"
2021,11,13,"[9, 6]"
2021,11,14,"[9, 6]"
2021,11,15,"[9, 6]"
2021,11,16,"[9, 6]"
2021,11,17,"[9, 6]"
2021,11,18,"[9, 6]"
2021,11,19,"[9, 6]"
2021,11,20,"[9, 6]"
2021,11,21,"[9, 6]"
2021,11,22,"[9, 6]"
2021,11,23,"[9, 6]"
2021,11,24,"[9, 6]"
2021,11,25,"[9, 6]"
2021,11,26,"[9, 6]"
2021,11,27,"[9, 6]"
2021,11,28,"[9, 6]"
2021,11,29,"[9, 6]"
2021,11,30,"[9, 6]"
2021,12,01,"[9, 6]"
2021,12,02,"[9, 6]"
2021,12,03,"[9, 6]"
2021,12,04,"[9, 6]"
2021,12,05,"[9, 6]"
2021,12,06,"[9, 6]"
2021,12,07,"[9, 6]"
2021,12,08,"[9, 6]"
2021,12,09,"[9, 6]"
2021,12,10,"[9, 6]"
2021,12,11,"[9, 6]"
2021,12,12,"[9, 6]"
2021,12,13,"[9, 6]"
2021,12,14,"[9, 6]"
2021,12,15,"[9, 6]"
2021,12,16,"[9, 6]"
2021,12,17,"[9, 6]"
2021,12,18,"[9, 6]"
2021,12,19,"[9, 6]"
2021,12,20,"[9, 6]"
2021,12,21,"[9, 6]"
2021,12,22,"[9, 6]"
2021,12,23,"[9, 6]"
2021,12,24,"[9, 6]"
2021,12,25,"[9, 6]"
2021,12,26,"[9, 6]"
2021,12,27,"[9, 6]"
2021,12,28,"[9, 6]"
2021,12,29,"[9, 6]"
2021,12,30,"[9, 6]"
2021,12,31,"[9, 6]"
2022,01,01,"[9, 6]"
2022,01,02,"[9, 6]"
2022,01,03,"[9, 6]"
2022,01,04,"[9, 6]"
2022,01,05,"[9, 6]"
2022,01,06,"[9, 6]"
2022,01,07,"[9, 6]"
2022,01,08,"[9, 6]"
2022,01,09,"[9, 6]"
2022,01,10,"[9, 6]"
2022,01,11,"[9, 6]"
2022,01,12,"[9, 6]"
2022,01,13,"[9, 6]"
2022,01,14,"[9, 6]"
2022,01,15,"[9, 6]"
2022,01,16,"[9, 6]"
2022,01,17,"[9, 6]"
2022,01,18,"[9, 6]"
2022,01,19,"[9, 6]"
2022,01,20,"[9, 6]"
2022,01,21,"[9, 6]"
2022,01,22,"[9, 6]"
2022,01,23,"[9, 6]"
2022,01,24,"[9, 6]"
2022,01,25,"[9, 6]"
2022,01,26,"[9, 6]"
2022,01,27,"[9, 6]"
2022,01,28,"[9, 6]"
2022,01,29,"[9, 6]"
2022,01,30,"[9, 6]"
2022,01,31,"[9, 6]"
2022,02,01,"[9, 6]"
2022,02,02,"[9, 6]"
2022,02,03,"[9, 6]"
2022,02,04,"[9, 6]"
2022,02,05,"[9, 6]"
2022,02,06,"[9, 6]"
2022,02,07,"[9, 6]"
2022,02,08,"[9, 6]"
2022,02,09,"[9, 6]"
2022,02,10,"[9, 6]"
2022,02,11,"[9, 6]"
2022,02,12,"[9, 6]"
2022,02,13,"[9, 6]"
2022,02,14,"[9, 6]"
2022,02,15,"[9, 6]"
2022,02,16,"[9, 6]"
2022,02,17,"[9, 6]"
2022,02,18,"[9, 6]"
2022,02,19,"[9, 6]"
2022,02,20,"[9, 6]"
2022,02,21,"[9, 6]"
2022,02,22,"[9, 6]"
2022,02,23,"[9, 6]"
2022,02,24,"[9, 6]"
2022,02,25,"[9, 6]"
2022,02,26,"[9, 6]"
2022,02,27,"[9, 6]"
2022,02,28,"[9, 6]"
2022,03,01,"[9, 6]"
2022,03,02,"[9, 6]"
2022,03,03,"[9, 6]"
2022,03,04,"[9, 6]"
2022,03,05,"[9, 6]"
2022,03,06,"[9, 6]"
2022,03,07,"[9, 6]"
2022,03,08,"[9, 6]"
2022,03,09,"[9, 6]"
2022,03,10,"[9, 6]"
2022,03,11,"[9, 6]"
2022,03,12,"[9, 6]"
2022,03,13,"[9, 6]"
2022,03,14,"[9, 6]"
2022,03,15,"[9, 6]"
2022,03,16,"[9, 6]"
2022,03,17,"[9, 6]"
2022,03,18,"[9, 6]"
2022,03,19,"[9, 6]"
2022,03,20,"[9, 6]"
2022,03,21,"[9, 6]"
2022,03,22,"[9, 6]"
2022,03,23,"[9, 6]"
2022,03,24,"[9, 6]"
2022,03,25,"[9, 6]"
2022,03,26,"[9, 6]"
2022,03,27,"[9, 6]"
2022,03,28,"[9, 6]"
2022,03,29,"[9, 6]"
2022,03,30,"[9, 6]"
2022,03,31,"[9, 6]"
2022,04,01,"[9, 6]"
2022,04,02,"[9, 6]"
2022,04,03,"[9, 6]"
2022,04,04,"[9, 6]"
2022,04,05,"[9, 6]"
2022,04,06,"[9, 6]"
2022,04,07,"[9, 6]"
2022,04,08,"[9, 6]"
2022,04,09,"[9, 6]"
2022,04,10,"[9, 6]"
2022,04,11,"[9, 6]"
2022,04,12,"[9, 6]"
2022,04,13,"[9, 6]"
2022,04,14,"[9, 6]"
2022,04,15,"[9, 6]"
2022,04,16,"[9, 6]"
2022,04,17,"[9, 6]"
2022,04,18,"[9, 6]"
2022,04,19,"[9, 6]"
2022,04,20,"[9, 6]"
2022,04,21,"[9, 6]"
2022,04,22,"[9, 6]"
2022,04,23,"[9, 6]"
2022,04,24,"[9, 6]"
2022,04,25,"[9, 6]"
2022,04,26,"[9, 6]"
2022,04,27,"[9, 6]"
2022,04,28,"[9, 6]"
2022,04,29,"[9, 6]"
2022,04,30,"[9, 6]"
2022,05,01,"[9, 6]"
2022,05,02,"[9, 6]"
2022,05,03,"[9, 6]"
2022,05,04,"[9, 6]"
2022,05,05,"[9, 6]"
2022,05,06,"[9, 6]"
2022,05,07,"[9, 6]"
2022,05,08,"[9, 6]"
2022,05,09,"[9, 6]"
2022,05,10,"[9, 6]"
2022,05,11,"[9, 6]"
2022,05,12,"[9, 6]"
2022,05,13,"[9, 6]"
2022,05,14,"[9, 6]"
2022,05,15,"[9, 6]"
2022,05,16,"[9, 6]"
2022,05,17,"[9, 6]"
2022,05,18,"[9, 6]"
2022,05,19,"[9, 6]"
2022,05,20,"[9, 6]"
2022,05,21,"[9, 6]"
2022,05,22,"[9, 6]"
2022,05,23,"[9, 6]"
2022,05,24,"[9, 6]"
2022,05,25,"[9, 6]"
2022,05,26,"[9, 6]"
2022,05,27,"[9, 6]"
2022,05,28,"[9, 6]"
2022,05,29,"[9, 6]"
2022,05,30,"[9, 6]"
2022,05,31,"[9, 6]"
2022,06,01,"[9, 6]"
2022,06,02,"[9, 6]"
2022,06,03,"[9, 6]"
2022,06,04,"[9, 6]"
2022,06,05,"[9, 6]"
2022,06,06,"[9, 6]"
2022,06,07,"[9, 6]"
2022,06,08,"[9, 6]"
2022,06,09,"[9, 6]"
2022,06,10,"[9, 6]"
2022,06,11,"[9, 6]"
2022,06,12,"[9, 6]"
2022,06,13,"[9, 6]"
2022,06,14,"[9, 6]"
2022,06,15,"[9, 6]"
2022,06,16,"[9, 6]"
2022,06,17,"[9, 6]"
2022,06,18,"[9, 6]"
2022,06,19,"[9, 6]"
2022,06,20,"[9, 6]"
2022,06,21,"[9, 6]"
2022,06,22,"[9, 6]"
2022,06,23,"[9, 6]"
2022,06,24,"[9, 6]"
2022,06,25,"[9, 6]"
2022,06,26,"[9, 6]"
2022,06,27,"[9, 6]"
2022,06,28,"[9, 6]"
2022,06,29,"[9, 6]"
2022,06,30,"[9, 6]"
2022,07,01,"[9, 6]"
2022,07,02,"[9, 6]"
2022,07,03,"[9, 6]"
2022,07,04,"[9, 6]"
2022,07,05,"[9, 6]"
2022,07,06,"[9, 6]"
2022,07,07,"[9, 6]"
2022,07,08,"[9, 6]"
2022,07,09,"[9, 6]"
2022,07,10,"[9, 6]"
2022,07,11,"[9, 6]"
2022,07,12,"[9, 6]"
2022,07,13,"[9, 6]"
2022,07,14,"[9, 6]"
2022,07,15,"[9, 6]"
2022,07,16,"[9, 6]"
2022,07,17,"[9, 6]"
2022,07,18,"[9, 6]"
2022,07,19,"[9, 6]"
2022,07,20,"[9, 6]"
2022,07,21,"[9, 6]"
2022,07,22,"[9, 6]"
2022,07,23,"[9, 6]"
2022,07,24,"[9, 6]"
2022,07,25,"[9, 6]"
2022,07,26,"[9, 6]"
2022,07,27,"[9, 6]"
2022,07,28,"[9, 6]"
2022,07,29,"[9, 6]"
2022,07,30,"[9, 6]"
2022,07,31,"[9, 6]"
2022,08,01,"[9, 6]"
2022,08,02,"[9, 6]"
2022,08,03,"[9, 6]"
2022,08,04,"[9, 6]"
2022,08,05,"[9, 6]"
2022,08,06,"[9, 6]"
2022,08,07,"[9, 6]"
2022,08,08,"[9, 6]"
2022,08,09,"[9, 6]"
2022,08,10,"[9, 6]"
2022,08,11,"[9, 6]"
2022,08,12,"[9, 6]"
2022,08,13,"[9, 6]"
2022,08,14,"[9, 6]"
2022,08,15,"[9, 6]"
2022,08,16,"[9, 6]"
2022,08,17,"[9, 6]"
2022,08,18,"[9, 6]"
2022,08,19,"[9, 6]"
2022,08,20,"[9, 6]"
2022,08,21,"[9, 6]"
2022,08,22,"[9, 6]"
2022,08,23,"[9, 6]"
2022,08,24,"[9, 6]"
2022,08,25,"[9, 6]"
2022,08,26,"[9, 6]"
2022,08,27,"[9, 6]"
2022,08,28,"[9, 6]"
2022,08,29,"[9, 6]"
2022,08,30,"[9, 6]"
2022,08,31,"[9, 6]"
2022,09,01,"[9, 6]"
2022,09,02,"[9, 6]"
2022,09,03,"[9, 6]"
2022,09,04,"[9, 6]"
2022,09,05,"[9, 6]"
2022,09,06,"[9, 6]"
2022,09,07,"[9, 6]"
2022,09,08,"[9, 6]"
2022,09,09,"[9, 6]"
2022,09,10,"[9, 6]"
2022,09,11,"[9, 6]"
2022,09,12,"[9, 6]"
2022,09,13,"[9, 6]"
2022,09,14,"[9, 6]"
2022,09,15,"[9, 6]"
2022,09,16,"[9, 6]"
2022,09,17,"[9, 6]"
2022,09,18,"[9, 6]"
2022,09,19,"[9, 6]"
2022,09,20,"[9, 6]"
2022,09,21,"[9, 6]"
2022,09,22,"[9, 6]"
2022,09,23,"[9, 6]"
2022,09,24,"[9, 6]"
2022,09,25,"[9, 6]"
2022,09,26,"[9, 6]"
2022,09,27,"[9, 6]"
2022,09,28,"[9, 6]"
2022,09,29,"[9, 6]"
2022,09,30,"[9, 6]"
2022,10,01,"[9, 6]"
2022,10,02,"[9, 6]"
2022,10,03,"[9, 6]"
2022,10,04,"[9, 6]"
2022,10,05,"[9, 6]"
2022,10,06,"[9, 6]"
2022,10,07,"[9, 6]"
2022,10,08,"[9, 6]"
2022,10,09,"[9, 6]"
2022,10,10,"[9, 6]"
2022,10,11,"[9, 6]"
2022,10,12,"[9, 6]"
2022,10,13,"[9, 6]"
2022,10,14,"[9, 6]"
2022,10,15,"[9, 6]"
2022,10,16,"[9, 6]"
2022,10,17,"[9, 6]"
2022,10,18,"[9, 6]"
2022,10,19,"[9, 6]"
2022,10,20,"[9, 6]"
2022,10,21,"[9, 6]"
2022,10,22,"[9, 6]"
2022,10,23,"[9, 6]"
2022,10,24,"[9, 6]"
2022,10,25,"[9, 6]"
2022,10,26,"[9, 6]"
2022,10,27,"[9, 6]"
2022,10,28,"[9, 6]"
2022,10,29,"[9, 6]"
2022,10,30,"[9, 6]"
2022,10,31,"[9, 6]"
2022,11,01,"[9, 6]"
2022,11,02,"[9, 6]"
2022,11,03,"[9, 6]"
2022,11,04,"[9, 6]"
2022,11,05,"[9, 6]"
2022,11,06,"[9, 6]"
2022,11,07,"[9, 6]"
2022,11,08,"[9, 6]"
2022,11,09,"[9, 6]"
2022,11,10,"[9, 6]"
2022,11,11,"[9, 6]"
2022,11,12,"[9, 6]"
2022,11,13,"[9, 6]"
2022,11,14,"[9, 6]"
2022,11,15,"[9, 6]"
2022,11,16,"[9, 6]"
2022,11,17,"[9, 6]"
2022,11,18,"[9, 6]"
2022,11,19,"[9, 6]"
2022,11,20,"[9, 6]"
2022,11,21,"[9, 6]"
2022,11,22,"[9, 6]"
